Country Name,Country Code,Labour Force (2024),Region,%Indoor Essential Workers,%Indoor Vital Workers,%Essential Workers,%Vital Workers,%Armed Forces (Indoor Essential),%Armed Forces (Essential),%Onsite Excluded Essential (ISCO 61+63),%Onsite Excluded Vital (ISCO 61+63),Indoor Essential Workers,Indoor Vital Workers,Essential Workers,Vital Workers,Armed Forces (Indoor Essential),Armed Forces (Essential),Indoor Essential CADR Requirement (L/s),Indoor Vital CADR Requirement (L/s),Scaled ECA Essential (L/s/person),Scaled ECA Vital (L/s/person)
Aruba,ABW,55826.0,Caribbean,0.23076549850840503,0.10731223548237952,0.38278607738384335,0.21880174270340585,,,0.08816518991566123,0.08816518991566123,12882.714719730218,5990.812858039319,21369.41555603044,12214.826088160335,,,406726.10910404735,196659.51676318093,127.16510183218011,132.22162654315068
Afghanistan,AFG,9130000.0,Southern Asia,0.21594784419341986,0.10410715424704334,0.6618982163859317,0.5213039982023313,0.010924081519124879,0.010924081519124879,0.41426773307068354,0.41426773307068354,1971603.8174859234,950498.3182755057,6043130.7156035565,4759505.503587285,99736.86426961015,99736.86426961015,261214527.5829293,136494880.73947388,132.48834541009114,143.60349525616974
Angola,AGO,16000000.0,Middle Africa,0.294190686099402,0.09356188010672566,0.7791362939280077,0.5278588097652493,0.003949750675438742,0.003949750675438742,0.40948684728582696,0.40948684728582696,4707050.977590432,1496990.0817076105,12466180.702848122,8445740.95624399,63196.01080701988,63196.01080701988,568784956.4897357,199261453.33862692,120.83679552178977,133.10806515920947
Albania,ALB,1370000.0,Southern Europe,0.28027550561979403,0.1614561661819351,0.5684044860355706,0.4124092799712406,0.00172417752428452,0.00172417752428452,0.3191216169762968,0.3191216169762968,383977.4426991178,221194.94766925107,778714.1458687317,565000.7135605996,2362.1232082697925,2362.1232082697925,51108773.262949415,31401510.80234469,133.10358260549674,141.9630562688024
Andorra,AND,50504.0,Southern Europe,0.20033337328703696,0.06718901184244014,0.28719999999999996,0.11261298200911858,,,0.01185372304139258,0.01185372304139258,10117.636684488514,3393.3138540905966,14504.748799999998,5687.406043388525,,,19805793.01332273,7475900.568975627,128.0623985714628,144.12786795970848
United Arab Emirates,ARE,7090000.0,Western Asia,0.21424340641532813,0.07847489985534638,0.338885901391434,0.1474410270393206,0.0015646671248330999,0.0015646671248330999,0.011248434381214466,0.011248434381214466,1518985.7514846765,556387.0399744058,2402701.040865267,1045356.8817087831,11093.489915066679,11093.489915066679,185033333.4213107,75305493.88996974,121.81373870061434,135.34731846635725
Argentina,ARG,22300000.0,South America,0.281791320962322,0.07860743188324275,0.3944895479278035,0.13111571928077134,0.0010086005402695024,0.0010086005402695024,0.0013630056373677803,0.0013630056373677803,6283946.457459781,1752945.7309963133,8797116.918790018,2923880.539961201,22491.792048009906,22491.792048009906,782897596.2436569,256890805.84655163,124.58692981291487,146.5480655242783
Armenia,ARM,1510000.0,Western Asia,0.2519219782665701,0.13806185433456605,0.5641022430177852,0.41432920889686825,,,0.3088217464202506,0.3088217464202506,380402.1871825208,208473.40004519475,851794.3869568557,625637.105434271,,,52848441.744924515,30718647.019858904,133.26417470956807,142.54927934180165
American Samoa,ASM,55958.0,Polynesia,0.2129971023822811,0.09924639459208591,0.4947121950289721,0.34624647076448295,,,0.21463553412102385,0.21463553412102385,11918.891855107686,5553.629748583943,27683.105009431223,19375.260011038936,,,1572783.4476029666,774600.7922885236,129.0919632774326,136.44799842669417
Antigua and Barbuda,ATG,46540.0,Caribbean,0.3216811363458125,0.2217340993898841,0.8700072008093995,0.7373006195066895,,,0.3297988234205878,0.3297988234205878,14971.040085534114,10319.504985605205,40490.135125669454,34313.970831841325,,,701236639.8020862,521900630.94408566,132.1158920719187,142.64987368371163
Australia,AUS,14900000.0,Australia and New Zealand,0.17537353477915513,0.07345076825779659,0.2496524683733548,0.11650002478084233,0.0001574261217391232,0.0001574261217391232,0.013304830192332784,0.013304830192332784,2613065.668209411,1094416.4470411693,3719821.7787629864,1735850.3692345507,2345.649213912936,2345.649213912936,396363192.22609144,178926872.2595723,151.68512488922528,163.49066458505214
Austria,AUT,4770000.0,Western Europe,0.24639920689942485,0.10450904262114573,0.3455000000000001,0.16007165222303843,0.0010340974846205333,0.0010340974846205333,0.024579385902355186,0.024579385902355186,1175324.2169102565,498508.13330286514,1648035.0000000005,763541.7811038933,4932.645001639944,4932.645001639944,164506676.38926527,75308470.67575887,139.96706102230036,151.06768705417636
Azerbaijan,AZE,5020000.0,Western Asia,0.22356845091334615,0.11466754248719702,0.5597999999999999,0.4162491378224959,,,0.2985218758642044,0.2985218758642044,1122313.6235849976,575631.063285729,2810195.999999999,2089570.6718689294,,,54588110.226899624,30035783.23737312,133.4247668136394,143.13550241480092
Burundi,BDI,6110000.0,Eastern Africa,0.06831965932684798,0.027403852557963345,0.8336938175005955,0.7806109080596907,0.00011700439674907038,0.00011700439674907038,0.7335864936228971,0.7335864936228971,417433.1184870412,167437.53912915604,5093869.224928638,4769532.64824471,714.89686413682,714.89686413682,52068076.33316435,23782115.692214556,124.73393707207913,142.03574548399078
Belgium,BEL,5420000.0,Western Europe,0.2170778357061012,0.0869985619781256,0.3011773125950597,0.1319079019580343,0.0016122162919301717,0.0016122162919301717,0.009735542782315061,0.009735542782315061,1176561.8695270685,471532.20592144073,1632381.0342652237,714940.828612546,8738.21230226153,8738.21230226153,169759317.1475958,75781746.74992387,144.2842246926057,160.71382993200984
Benin,BEN,6400000.0,Western Africa,0.38971276596329846,0.17423621984262339,0.715295880558692,0.4510789808487938,0.0005400879589659506,0.0005400879589659506,0.37982755403588475,0.37982755403588475,2494161.70216511,1115111.8069927897,4577893.635575629,2886905.4774322803,3456.5629373820834,3456.5629373820834,319220241.8060264,157676867.87709773,127.98698718247518,141.40005234301788
Burkina Faso,BFA,6460000.0,Western Africa,0.1835815126251191,0.047730301333383976,0.6907999999999997,0.5298942956092263,0.0007949683822855494,0.0007949683822855494,0.4749053308661468,0.4749053308661468,1185936.5715582694,308337.7466136605,4462567.999999998,3423117.149635602,5135.4957495646495,5135.4957495646495,145469378.0635038,41349427.568544134,122.6620221959791,134.10433209254117
Bangladesh,BGD,77400000.0,Southern Asia,0.3673847264166374,0.23504059748289316,0.6733875906298148,0.5011425695317169,0.0006693348173980723,0.0006693348173980723,0.3424204836665357,0.3424204836665357,28435577.824647732,18192142.24517593,52120199.514747664,38788434.88175488,51806.5148666108,51806.5148666108,3814979455.702293,2588724244.847684,134.16219213929597,142.29903273398955
Bulgaria,BGR,3120000.0,Eastern Europe,0.2580535915258811,0.10666896347717995,0.3941373882712756,0.1924322224200577,0.003181986337684567,0.003181986337684567,0.017892462541149755,0.017892462541149755,805127.205560749,332807.16604880145,1229708.6514063799,600388.53395058,9927.797373575848,9927.797373575848,106532510.03427893,46988148.523343205,132.31761304113672,141.1873100005697
Bahrain,BHR,913000.0,Western Asia,0.21424340641532813,0.07847489985534638,0.338885901391434,0.1474410270393206,,,0.011248434381214466,0.011248434381214466,195604.2300571946,71647.58356793124,309402.8279703792,134613.6576868997,,,185033333.4213107,75305493.88996974,121.81373870061434,135.34731846635725
Bahamas,BHS,237000.0,Caribbean,0.2774364991171394,0.10651384161964592,0.3976017120177873,0.16986872518776946,0.0003880279190819827,0.0003880279190819827,0.013040127765290429,0.013040127765290429,65752.45029076203,25243.78046385608,94231.60574821559,40258.88786950136,91.96261682242991,91.96261682242991,7759095.541350105,3123764.0281725675,118.00466000945714,123.74390724262388
Bosnia and Herzegovina,BIH,1360000.0,Southern Europe,0.26144499834427953,0.11574162195656063,0.47700000000000026,0.28655088058353084,0.0024305963276667177,0.0024305963276667177,0.1133322307532296,0.1133322307532296,355565.1977482202,157408.60586092246,648720.0000000003,389709.19759360194,3305.611005626736,3305.611005626736,46638214.592751466,22374358.997441497,131.16642148362484,142.14190434549838
Belarus,BLR,4820000.0,Eastern Europe,0.2628335600289181,0.12860178167393482,0.41867225846371686,0.23128756363266825,0.0,0.0,0.021754458865927598,0.021754458865927598,1266857.7593393852,619860.5876683658,2018000.2857951152,1114806.056709461,0.0,0.0,176138520.44304302,91797827.00467987,139.03575136556142,148.09431157735264
Belize,BLZ,190000.0,Central America,0.3255909076674844,0.13385579374000536,0.5349832157817883,0.28167471463641386,0.0018225181631443266,0.0018225181631443266,0.05852782028482016,0.05852782028482016,61862.27245682204,25432.60081060102,101646.81099853978,53518.195780918635,346.27845099742206,346.27845099742206,7848678.003461279,3442483.147579885,126.87341883438593,135.35710221759788
Bermuda,BMU,52878.0,Northern America,0.23076549850840503,0.10731223548237952,0.38278607738384335,0.21880174270340585,,,0.08816518991566123,0.08816518991566123,12202.418030127441,5674.456387837264,20240.962199902868,11569.798550670695,,,406726.10910404735,196659.51676318093,127.16510183218011,132.22162654315068
Bolivia,BOL,6860000.0,South America,0.3496718942274412,0.16056643917790858,0.5623999999999999,0.3175716506780654,0.0003106734414075108,0.0003106734414075108,0.19333187789981285,0.19333187789981285,2398749.1944002467,1101485.772760453,3858063.9999999995,2178541.5236515286,2131.219808055524,2131.219808055524,315399295.1504075,159479432.29386497,131.4848988325626,144.78573962348216
Brazil,BRA,107000000.0,South America,0.26108109847208477,0.09605829693542102,0.3921760355914149,0.17769940195897785,0.0032387487967025477,0.0032387487967025477,0.03475074874883489,0.03475074874883489,27935677.53651307,10278237.77209005,41962835.80828139,19013836.00961063,346546.1212471726,346546.1212471726,3702783378.6754575,1543617952.1217716,132.54675401503215,150.1831331741882
Barbados,BRB,147000.0,Caribbean,0.23736349042703478,0.0930336675748795,0.3540089994701518,0.1497176399814801,0.0,0.0,0.022795864951053287,0.022795864951053287,34892.43309277411,13675.949133507287,52039.32292211231,22008.493077277577,0.0,0.0,4397965.828428173,1855182.875762201,126.04354120948219,135.65295232173966
Brunei Darussalam,BRN,234000.0,South-eastern Asia,0.23003633620559688,0.09146157987717651,0.3142665738411785,0.13715952987975,0.011271168197474169,0.011271168197474169,0.006238475662312823,0.006238475662312823,53828.50267210967,21402.009691259304,73538.37827883576,32095.3299918615,2637.4533582089557,2637.4533582089557,6459486.666624216,2687642.2200994105,120.00123254349948,125.57896472671247
Bhutan,BTN,406000.0,Southern Asia,0.28671959532521646,0.22310974009031231,0.5611219551428901,0.46947115897538133,0.003569658975850406,0.003569658975850406,0.36731315571210066,0.36731315571210066,116408.15570203788,90582.5544766668,227815.51378801337,190605.29054400482,1449.2815441952648,1449.2815441952648,15878785.507179085,12695726.420441017,136.40612559675753,140.156418570767
Botswana,BWA,1170000.0,Southern Africa,0.23793332086418126,0.09590866145651233,0.5099738595384374,0.3202281135965851,0.0007387702399031061,0.0007387702399031061,0.14549414751859813,0.14549414751859813,278381.98541109206,112213.13390411943,596669.4156599718,374666.8929080046,864.3611806866342,864.3611806866342,33053575.58790119,14372284.014827693,118.73460683560518,128.08023013694722
Central African Republic,CAF,2000000.0,Middle Africa,0.3417948919679772,0.12044914541278502,0.6332906119481685,0.3472104966073602,,,0.23726923149485568,0.23726923149485568,683589.7839359543,240898.29082557003,1266581.223896337,694420.9932147204,,,456366461.0397254,181483308.4684459,127.16244011056183,143.49727892887026
Canada,CAN,22900000.0,Northern America,0.2108046006196083,0.09128828712908334,0.2957999999999999,0.1382431325611111,,,0.003199453654144991,0.003199453654144991,4827425.35418903,2090501.7752560084,6773819.999999997,3165767.735649444,,,5471762194.541141,2626288235.5817904,149.1756302832058,165.34005647381673
Switzerland,CHE,5150000.0,Western Europe,0.2269808581431546,0.10546318951098425,0.30774074046956557,0.15041140983193835,0.0004674721077363564,0.0004674721077363564,0.0168608997294831,0.0168608997294831,1168951.4194372462,543135.4259815689,1584864.8134182626,774618.7606344825,2407.4813548422353,2407.4813548422353,171266262.38633546,85184622.72106698,146.5127288769503,156.83864216207044
Chile,CHL,10100000.0,South America,0.277719771473866,0.10535211768188774,0.4278650490220115,0.19907315190131408,0.0009729429882350458,0.0009729429882350458,0.020445348614147086,0.020445348614147086,2804969.6918860464,1064056.3885870662,4321436.995122316,2010638.8342032721,9826.724181173962,9826.724181173962,370045053.7146655,155937395.4970961,131.92479575986047,146.54993585834436
China,CHN,774000000.0,Eastern Asia,0.28706464514536145,0.14348772980729418,0.5136876505488913,0.32282836072021,,,0.14774536142292954,0.14774536142292954,222188035.34250978,111059502.8708457,397594241.5248419,249869151.19744253,,,10209324676.349054,6523717525.968846,133.8380336063351,146.59199129301717
Côte d'Ivoire,CIV,12600000.0,Western Africa,0.4878916276517887,0.25477920754604416,0.7780805414036814,0.495498966489194,0.0004210424530721759,0.0004210424530721759,0.3716706292343837,0.3716706292343837,6147434.508412537,3210218.0150801563,9803814.821686385,6243286.977763845,5305.134908709417,5305.134908709417,791866148.0883219,453326854.6826169,128.81245778294706,141.21372833654655
Cameroon,CMR,11100000.0,Middle Africa,0.3547187991732689,0.14443923270823947,0.6142170982992974,0.3355942279288819,,,0.20482576717610643,0.20482576717610643,3937378.6708232844,1603275.483061458,6817809.791122201,3725095.930010589,,,2455021279.1705236,1336888988.2983248,126.3111215847735,139.80035234148687
DR Congo,COD,38500000.0,Middle Africa,0.2792783181429873,0.20767905666744352,0.7816520881322622,0.6952801163437079,0.00013624679457154064,0.00013624679457154064,0.6379018524442583,0.6379018524442583,10752215.248505011,7995643.681696575,30093605.393092092,26768284.479232755,5245.501591004315,5245.501591004315,1463578083.3236184,1136577881.986044,136.11874850878885,142.1496413838287
Congo Republic,COG,2560000.0,Middle Africa,0.3677877631538451,0.1329892967672164,0.6053411733951549,0.29610517335556985,,,0.15616596376835915,0.15616596376835915,941536.6736738434,340452.599724074,1549673.4038915965,758029.2437902588,,,1246561111.8646894,675401632.1200861,123.85950415563514,139.36844182637722
Colombia,COL,26800000.0,South America,0.2840043556648729,0.11056125873054658,0.47434715213296,0.2403398044775411,0.00032089061709288547,0.00032089061709288547,0.04307205299571914,0.04307205299571914,7611316.731818594,2963041.733978648,12712503.677163329,6441106.759998102,8599.868538089331,8599.868538089331,966959051.1550049,414079388.3204946,127.04228259385108,139.7480783250684
Comoros,COM,276000.0,Eastern Africa,0.2879255991516279,0.14936758696871474,0.5666995346297148,0.3786181478272134,,,0.12781688301856767,0.12781688301856767,79467.4653658493,41225.45400336527,156409.07155780128,104498.6088003109,,,241206085.3186673,177204117.34980455,130.18317175831385,139.2217118733001
Cabo Verde,CPV,224000.0,Western Africa,0.28956481553182395,0.1334391438903855,0.5266542610256243,0.3090129236812333,,,0.11998207881831179,0.11998207881831179,64862.51867912857,29890.36823144635,117970.55446973984,69218.89490459625,,,87031167.66412783,61940203.604163356,126.48789181924646,135.4910652899556
Costa Rica,CRI,2360000.0,Central America,0.26980741108404105,0.10666442711177603,0.43818957377721957,0.21929365004792184,0.0,0.0,0.02154840079341594,0.02154840079341594,636745.4901583368,251728.04798379142,1034127.3941142382,517533.01411309553,0.0,0.0,81582156.89263126,35429525.197657004,128.12365089911287,140.74524265940474
Cuba,CUB,4860000.0,Caribbean,0.2607314370326455,0.08819679972899308,0.4006999999999999,0.1717440854523941,,,0.03081078730896565,0.03081078730896565,1267154.783978657,428636.44668290636,1947401.9999999995,834676.2552986353,,,175708423.47924018,66448801.185019754,124.56668834944558,139.2634206360492
Curaçao,CUW,71999.0,Caribbean,0.23076549850840503,0.10731223548237952,0.38278607738384335,0.21880174270340585,,,0.08816518991566123,0.08816518991566123,16614.885127106652,7726.373642495842,27560.214785559336,15753.506672902518,,,406726.10910404735,196659.51676318093,127.16510183218011,132.22162654315068
Cayman Islands,CYM,60828.0,Caribbean,0.23076549850840503,0.10731223548237952,0.38278607738384335,0.21880174270340585,,,0.08816518991566123,0.08816518991566123,14037.00374326926,6527.588659922181,23284.11151510442,13309.272405162772,,,406726.10910404735,196659.51676318093,127.16510183218011,132.22162654315068
Cyprus,CYP,772000.0,Western Asia,0.20033337328703696,0.06718901184244014,0.28719999999999996,0.11261298200911858,0.005596157518732918,0.005596157518732918,0.01185372304139258,0.01185372304139258,154657.36417759254,51869.91714236379,221718.39999999997,86937.22211103955,4320.233604461812,4320.233604461812,19805793.01332273,7475900.568975627,128.0623985714628,144.12786795970848
Czechia,CZE,5540000.0,Eastern Europe,0.21317525243973734,0.1041798540640926,0.3253263270586962,0.17612334359976395,0.00015715224720972912,0.00015715224720972912,0.00965525183778937,0.00965525183778937,1180990.8985161448,577156.391515073,1802307.8519051769,975723.3235426922,870.6234495418993,870.6234495418993,166060304.51847225,85043246.06468624,140.61099431597535,147.34870360084238
Germany,DEU,43800000.0,Western Europe,0.22680439103060016,0.10587457236334202,0.3042018957894866,0.15062897819409454,0.0015513658889770685,0.0015513658889770685,0.011048404572573665,0.011048404572573665,9934032.327140287,4637306.269514381,13324043.035579512,6597549.244901341,67949.8259371956,67949.8259371956,1451614065.0840592,740090273.6355252,146.12536151288487,159.59486620516603
Djibouti,DJI,265000.0,Eastern Africa,0.22244217126498603,0.09596121042712057,0.4288968792794462,0.21780780983426298,,,0.052640047365236343,0.052640047365236343,58947.1753852213,25429.72076318695,113657.67300905324,57719.06960607969,,,98640579.5696115,47685344.27160251,128.90805246650177,144.45439591586992
Dominica,DMA,32630.0,Caribbean,0.3216811363458125,0.2217340993898841,0.8700072008093995,0.7373006195066895,,,0.3297988234205878,0.3297988234205878,10496.455478963862,7235.183663091918,28388.334962410707,24058.119214503276,,,701236639.8020862,521900630.94408566,132.1158920719187,142.64987368371163
Denmark,DNK,3210000.0,Northern Europe,0.24139125510847195,0.09512809014863866,0.33186293382076026,0.14200155703121914,0.0016930069123862754,0.0016930069123862754,0.012440312673032927,0.012440312673032927,774865.9288981949,305361.1693771301,1065280.0175646404,455824.9980702134,5434.552188759944,5434.552188759944,115680140.48091657,48604918.12212023,149.29052390444582,159.1719019849957
Dominican Republic,DOM,5410000.0,Caribbean,0.2607314370326455,0.08819679972899308,0.4006999999999999,0.1717440854523941,0.0032450893014349747,0.0032450893014349747,0.03081078730896565,0.03081078730896565,1410557.0743466122,477144.68653385254,2167786.9999999995,929135.5022974522,17555.933120763213,17555.933120763213,175708423.47924018,66448801.185019754,124.56668834944558,139.2634206360492
Algeria,DZA,13300000.0,Northern Africa,0.2921314376448042,0.14122841245227752,0.48390000000000005,0.27250935837863804,,,0.04507961152573701,0.04507961152573701,3885348.120675896,1878337.885615291,6435870.000000001,3624374.466435886,,,157220264.52097148,80706216.94030945,126.63136742467991,134.46089050968433
Ecuador,ECU,8820000.0,South America,0.30710527164923757,0.155613772721757,0.588162900915861,0.3775979320667689,0.0015048586640843754,0.0015048586640843754,0.16522255202066616,0.16522255202066616,2708668.4959462755,1372513.4754058968,5187596.786077894,3330413.7608289015,13272.85341722419,13272.85341722419,350824063.5291411,192804373.8226261,129.51901055968108,140.4753958904539
Egypt,EGY,33700000.0,Northern Africa,0.28596058216259845,0.13975503269086287,0.4851290505473884,0.27849276532439926,0.0,0.0,0.13028610101169616,0.13028610101169616,9636871.618879568,4709744.601682079,16348849.00344699,9385206.191432254,0.0,0.0,1257092127.5157084,668900037.7570689,130.44608014212236,142.0246944002382
Eritrea,ERI,1710000.0,Eastern Africa,0.24708697442384334,0.1038627660030396,0.5149375303740453,0.29167670308891963,,,0.12121437604182494,0.12121437604182494,422518.7262647721,177605.32986519774,880543.1769396175,498767.16228205257,,,228474294.43777815,104374748.63244437,127.9762728358026,142.74702493688127
Spain,ESP,24400000.0,Southern Europe,0.26172171621648554,0.09711006677976268,0.3763865880092133,0.16431651996360075,0.001769326271692867,0.001769326271692867,0.01652364895881073,0.01652364895881073,6386009.875682247,2369485.6294262093,9183832.747424806,4009323.087111858,43171.56102930596,43171.56102930596,870310307.2937313,356367380.76825833,136.28389624135244,150.39862506132002
Estonia,EST,756000.0,Northern Europe,0.19335544429097976,0.08412717945677409,0.29845541715742196,0.14577372200955452,0.0011621843951881588,0.0011621843951881588,0.00865693822663164,0.00865693822663164,146176.7158839807,63600.14766932121,225632.29537101102,110204.93383922322,878.6114027622481,878.6114027622481,20461330.896141708,9588203.119192624,139.97667667114442,150.7575606434902
Ethiopia,ETH,54500000.0,Eastern Africa,0.2299436155028912,0.10825656269671365,0.8262729841143055,0.6372802072924436,0.0007550391439340811,0.0007550391439340811,0.4655045723728797,0.4655045723728797,12531927.04490757,5899982.666970894,45031877.63422965,34731771.297438174,41149.63334440742,41149.63334440742,1555405110.5529487,811338844.2095913,124.11539781385798,137.51546233374617
Finland,FIN,2900000.0,Northern Europe,0.24343715324225712,0.10708784004660643,0.3472197174275256,0.16652608604415267,0.001290094662641543,0.001290094662641543,0.01943785353518976,0.01943785353518976,705967.7444025456,310554.73613515863,1006937.1805398243,482925.64952804276,3741.274521660475,3741.274521660475,106323934.38107269,50199317.02744612,150.6073545485477,161.64402337628024
Fiji,FJI,388000.0,Melanesia,0.2871203953743687,0.1494670135535506,0.5566999999999999,0.36585023803251787,0.0,0.0,0.221277742267988,0.221277742267988,111402.71340525504,57993.20125877763,215999.59999999995,141949.89235661694,0.0,0.0,14211796.39465297,8331786.072120024,127.57136662330684,143.66832475658438
France,FRA,31700000.0,Western Europe,0.25902516942888903,0.11703042751888634,0.3701467074118042,0.17961432425110394,0.002626177410383877,0.002626177410383877,0.021651547808549255,0.021651547808549255,8211097.8708957825,3709864.552348697,11733650.624954194,5693774.078759994,83249.8239091689,83249.8239091689,1179766214.3367317,571382395.1316016,143.67947293849832,154.0170502370126
Faroe Islands,FRO,32200.0,Northern Europe,0.22539019502755317,0.09455923044015259,0.3205234818477116,0.15134433869307976,,,0.014162176638538741,0.014162176638538741,7257.564279887212,3044.8072201729133,10320.856115496314,4873.287705917168,,,8200121.259138008,3677108.1035532043,146.70116893561985,156.8017076242408
"Micronesia, Fed. Sts.",FSM,14500.0,Micronesia,0.25343054897082545,0.1096118988569132,0.43366202579461444,0.24115243892177682,,,0.053493355011615125,0.053493355011615125,3674.742960076969,1589.3725334252415,6288.099374021909,3496.710364365764,,,762025.838410152,338673.05913317145,124.33848675084243,129.55519970969485
Gabon,GAB,824000.0,Middle Africa,0.38085672713442126,0.12153936082619335,0.5964652484910125,0.25661611878225776,0.023751797822066982,0.023751797822066982,0.10750616036061185,0.10750616036061185,313825.9431587631,100148.43332078333,491487.36475659424,211451.6818765804,19571.481405383194,19571.481405383194,38100944.55885513,13914275.941847404,121.40788672649678,138.93653131126757
United Kingdom,GBR,35400000.0,Northern Europe,0.21061395953518736,0.08512783000932389,0.2994050172199934,0.1329235844603823,0.0003540049484140395,0.0003540049484140395,0.00834188132334835,0.00834188132334835,7455734.167545632,3013525.182330066,10598937.609587766,4705494.889897534,12531.775173856999,12531.775173856999,1126554704.6239274,486010261.3706263,151.09909759494283,161.27632323113417
Georgia,GEO,1830000.0,Western Asia,0.22356845091334615,0.11466754248719702,0.5597999999999999,0.4162491378224959,0.0022825354086184213,0.0022825354086184213,0.2985218758642044,0.2985218758642044,409130.26517142344,209841.60275157055,1024433.9999999998,761735.9222151674,4177.039797771711,4177.039797771711,54588110.226899624,30035783.23737312,133.4247668136394,143.13550241480092
Ghana,GHA,13900000.0,Western Africa,0.3151740067546405,0.14054146289137023,0.6838918613599504,0.46270938656799043,0.0,0.0,0.35932130550825925,0.35932130550825925,4380918.693889503,1953526.3341900462,9506096.87290331,6431660.473295067,0.0,0.0,563037894.7691716,274235324.9603432,128.52050770869036,140.37964073519603
Gibraltar,GIB,27000.0,Southern Europe,0.20033337328703696,0.06718901184244014,0.28719999999999996,0.11261298200911858,,,0.01185372304139258,0.01185372304139258,5409.001078749998,1814.1033197458837,7754.399999999999,3040.5505142462016,,,19805793.01332273,7475900.568975627,128.0623985714628,144.12786795970848
Guinea,GIN,4530000.0,Western Africa,0.31090217311664875,0.07539754230940626,0.7077707794758886,0.4227975335625138,0.004082322446408544,0.004082322446408544,0.34879553615912406,0.34879553615912406,1408386.844218419,341550.8666616104,3206201.6310257753,1915272.8270381875,18492.920682230706,18492.920682230706,170691954.84958225,47367484.58304047,121.19678307866286,138.68354381887585
Gambia,GMB,783000.0,Western Africa,0.41032701838730395,0.13654558920130896,0.7033000000000001,0.34796977503374604,0.0014125901338127792,0.0014125901338127792,0.19304088885923537,0.19304088885923537,321286.055397259,106915.19634462491,550683.9000000001,272460.3338514232,1106.058074775406,1106.058074775406,39560103.682161465,14610997.771706158,123.13047210607002,136.6596917112683
Guinea-Bissau,GNB,845000.0,Western Africa,0.21872402803839114,0.09042038243642694,0.7702773703130424,0.6111017221753925,0.004018428102012306,0.004018428102012306,0.3460530313890505,0.3460530313890505,184821.8036924405,76405.22315878076,650884.3779145209,516380.95523820666,3395.5717462003986,3395.5717462003986,23221692.15510588,10611576.507945409,125.64368321904698,138.88548543197192
Equatorial Guinea,GNQ,715000.0,Middle Africa,0.35864732742707833,0.13498468621560789,0.609302529896056,0.30772147780776826,,,0.15533898269581684,0.15533898269581684,256432.839110361,96514.05064415964,435651.3088756801,220020.85663255432,,,428698391.23792887,230005325.67667687,124.06147972889006,137.73381116012652
Greece,GRC,4650000.0,Southern Europe,0.298518107024865,0.11790287042431936,0.43957785181359527,0.21046016247296961,0.0,0.0,0.07264125356229624,0.07264125356229624,1388109.1976656222,548248.347473085,2044037.010933218,978639.7554993087,0.0,0.0,180616054.81374204,78752955.41183521,130.11660402328818,143.6446744888755
Grenada,GRD,58405.654584,Caribbean,0.2646500178034649,0.10902559553557625,0.4578843365809611,0.24505453115099957,0.0,0.0,0.07284573016935193,0.07284573016935193,15457.057525478624,6367.711273665759,26743.034401771612,14312.57030064935,0.0,0.0,1975280.7233371194,871652.5931210006,127.79151012934821,136.8863247185528
Greenland,GRL,28992.0,Northern America,0.22539019502755317,0.09455923044015259,0.3205234818477116,0.15134433869307976,,,0.014162176638538741,0.014162176638538741,6534.512534238822,2741.461208920904,9292.616785728855,4387.775067389768,,,8200121.259138008,3677108.1035532043,146.70116893561985,156.8017076242408
Guatemala,GTM,7580000.0,Central America,0.3951277982740151,0.13942227573902552,0.662357062390406,0.3298644742631084,0.0,0.0,0.1101316633607321,0.1101316633607321,2995068.7109170347,1056820.8501018134,5020666.532919277,2500372.7149143615,0.0,0.0,377423939.7573139,147404164.9205759,126.01511891249856,139.4788576572605
Guam,GUM,77700.0,Micronesia,0.20882134243322303,0.09130410875251985,0.40570609751448605,0.24747081457432907,,,0.12030729275467356,0.12030729275467356,16225.418307061429,7094.329250070792,31523.363776875565,19228.482292425368,,,883566.3500768233,429306.2277772673,123.90142013374168,131.21121291197844
Guyana,GUY,292000.0,South America,0.33537906392475225,0.14134465187151785,0.5577776948710519,0.29095062642882696,0.0028426843376907524,0.0028426843376907524,0.05869733749009512,0.05869733749009512,97930.68666602766,41272.63834648321,162871.08690234716,84957.58291721747,830.0638266056997,830.0638266056997,12028582.340764469,5374067.624837554,122.82750943823625,130.2089674937263
Hong Kong,HKG,3840000.0,Eastern Asia,0.2169843926683775,0.0997003200448985,0.3647918179954473,0.2093842733548478,,,0.07428300053792825,0.07428300053792825,833220.0678465696,382849.2289724102,1400800.5811025177,804035.6096826155,,,5140064119.01144,3276259835.7989116,131.70008927300862,142.53324538663514
Honduras,HND,4300000.0,Central America,0.3513411972132096,0.13960930994016582,0.5870623054966472,0.31255387527112843,0.0006889106538933195,0.0006889106538933195,0.06480673827461012,0.06480673827461012,1510767.1480168013,600320.032742713,2524367.9136355827,1343981.6636658523,2962.315811741274,2962.315811741274,190699614.2785899,83462330.67394498,126.22700627884524,139.02972768146074
Croatia,HRV,1730000.0,Southern Europe,0.23082752245556024,0.1040740679979044,0.3377727664946621,0.1742639922384475,0.0036446469248291574,0.0036446469248291574,0.018405933242850735,0.018405933242850735,399331.6138481192,180048.13763637462,584346.8860357654,301476.70657251414,6305.239179954442,6305.239179954442,53774732.86035098,26145025.63980964,134.66184743590958,145.2113083924931
Haiti,HTI,5280000.0,Caribbean,0.3513411972132096,0.13960930994016582,0.5870623054966472,0.31255387527112843,,,0.06480673827461012,0.06480673827461012,1855081.5212857467,737137.1564840756,3099688.973022297,1650284.4614315582,,,190699614.2785899,83462330.67394498,126.22700627884524,139.02972768146074
Hungary,HUN,4950000.0,Eastern Europe,0.21959252121797812,0.10275457403553069,0.33030211149064265,0.17359384363965538,0.001936544136237683,0.001936544136237683,0.020523031300322576,0.020523031300322576,1086982.9800289916,508635.1414758769,1634995.451878681,859289.5260162941,9585.893474376531,9585.893474376531,147717792.46182638,74002866.70003194,135.8970611093529,145.4930276451252
Indonesia,IDN,143000000.0,South-eastern Asia,0.35922066400359304,0.15700066265119594,0.6027050774044155,0.34816369396542307,0.0015511620867556734,0.0015511620867556734,0.18392574440161363,0.18392574440161363,51368554.95251381,22451094.75912102,86186826.06883141,49787408.2370555,221816.17840606128,221816.17840606128,6522934718.334493,3141316449.87072,126.98302929417488,139.918185886883
Isle of Man,IMN,36555.0,Northern Europe,0.21061395953518736,0.08512783000932389,0.2994050172199934,0.1329235844603823,,,0.00834188132334835,0.00834188132334835,7698.993290808774,3111.8478259908347,10944.75040447686,4859.021629949275,,,1126554704.6239274,486010261.3706263,151.09909759494283,161.27632323113417
India,IND,608000000.0,Southern Asia,0.320363352069862,0.20241429207674522,0.6180999999999999,0.46160095640386656,0.0,0.0,0.2972544572984943,0.2972544572984943,194780918.0584761,123067889.58266109,375804799.99999994,280653381.4935509,0.0,0.0,26117533716.81411,17488583781.895184,134.08671638447274,142.10517334132567
Ireland,IRL,2860000.0,Northern Europe,0.22562567683864074,0.09193575777439382,0.3175858667102683,0.14520024732494,0.0008185361360805423,0.0008185361360805423,0.02732508060872628,0.02732508060872628,645289.4357585125,262936.26723476633,908295.5787913672,415272.7073493284,2341.0133491903507,2341.0133491903507,95788435.72852662,42471963.52398979,148.4425909064063,161.52949903281353
Iran,IRN,28600000.0,Southern Asia,0.2830564927066049,0.13265362055153015,0.4882834361181003,0.28121680730655857,0.0,0.0,0.08929779415885121,0.08929779415885121,8095415.6914089,3793893.5477737626,13964906.272977669,8042800.688967575,0.0,0.0,1079062838.6109014,549322484.315138,133.2930734805917,144.7912223677118
Iraq,IRQ,12000000.0,Western Asia,0.30940856266357397,0.14537991538138095,0.5089697818155906,0.2792188938271112,0.020433985356144123,0.020433985356144123,0.0685390052289934,0.0685390052289934,3712902.7519628876,1744558.9845765715,6107637.381787087,3350626.7259253343,245207.82427372946,245207.82427372946,452001447.735409,215603204.99412748,121.73802491768764,123.58607929009483
Iceland,ISL,248000.0,Northern Europe,0.22539019502755317,0.09455923044015259,0.3205234818477116,0.15134433869307976,0.0,0.0,0.014162176638538741,0.014162176638538741,55896.76836683319,23450.689149157843,79489.82349823248,37533.39599588378,0.0,0.0,8200121.259138008,3677108.1035532043,146.70116893561985,156.8017076242408
Israel,ISR,4710000.0,Western Asia,0.18478837821307234,0.07573946135394449,0.2598203196740193,0.11788356457506416,0.0,0.0,0.005377259418957961,0.005377259418957961,870353.2613835707,356732.86297707853,1223753.705664631,555231.5891485522,0.0,0.0,131799780.57303898,57261751.60931074,151.43251185561297,160.5171756014809
Italy,ITA,25800000.0,Southern Europe,0.23479852586049843,0.09644546844619742,0.3359170769217655,0.15317209129087533,0.0039196458805568915,0.0039196458805568915,0.01813390910279111,0.01813390910279111,6057801.967200859,2488293.0859118933,8666660.58458155,3951839.9553045835,101126.86371836781,101126.86371836781,828626364.8176081,375507222.37167805,136.78663800898283,150.9095630646197
Jamaica,JAM,1570000.0,Caribbean,0.24263232823681294,0.09141104120403114,0.35868605761744976,0.15282801199348006,,,0.020220262375958118,0.020220262375958118,380932.7553317963,143515.3346903289,563137.1104593961,239939.97882976368,,,9760675.615371024,4070390.6210857555,122.56083828114367,136.12489281379374
Jordan,JOR,3080000.0,Western Asia,0.33002758839330554,0.12080745432776327,0.4829000000000001,0.19225870367180342,0.0,0.0,0.01677180747886181,0.01677180747886181,1016484.972251381,372086.95932951086,1487332.0000000002,592156.8073091545,0.0,0.0,111291164.97923282,43665056.24474628,109.48628658300522,117.35175111600083
Japan,JPN,69400000.0,Eastern Asia,0.234898906092722,0.08704729104086358,0.3422631689246249,0.14006302918870475,0.0,0.0,0.025519472176887267,0.025519472176887267,16301984.082834905,6041081.998235933,23753063.923368968,9720374.22569611,0.0,0.0,2251930130.22038,943787561.7632496,138.13840810895766,156.22823229991693
Kazakhstan,KAZ,10300000.0,Central Asia,0.22356845091334615,0.11466754248719702,0.5597999999999999,0.4162491378224959,,,0.2985218758642044,0.2985218758642044,2302755.0444074655,1181075.6876181292,5765939.999999998,4287366.119571708,,,54588110.226899624,30035783.23737312,133.4247668136394,143.13550241480092
Kenya,KEN,23800000.0,Eastern Africa,0.29261380567072753,0.20481174214757034,0.6295537527389873,0.5133293057427767,0.0015477869390763705,0.0015477869390763705,0.24342903555591114,0.24342903555591114,6964208.574963315,4874519.463112174,14983379.315187898,12217237.476678085,36837.32915001762,36837.32915001762,920719126.98823,699409163.5844017,132.20728774526688,143.48268970452705
Kyrgyzstan,KGZ,3200000.0,Central Asia,0.3073228068039506,0.14842822729778965,0.5375,0.30899277069685543,0.0,0.0,0.14447337111384834,0.14447337111384834,983432.9817726419,474970.3273529269,1720000.0,988776.8662299374,0.0,0.0,128295274.88807508,66924277.05545824,130.45655094546692,140.90201682373757
Cambodia,KHM,9900000.0,South-eastern Asia,0.30638841998238125,0.13856383359412008,0.5805000000000001,0.370011199927399,0.002251265824536358,0.002251265824536358,0.22616377877390673,0.22616377877390673,3033245.3578255745,1371781.9525817889,5746950.000000001,3663110.8792812503,22287.531662909947,22287.531662909947,388153378.6978642,190113206.60504463,127.96636371550157,138.58850252931114
Kiribati,KIR,40794.0,Micronesia,0.3248805659199063,0.13816163817540633,0.6015,0.3559604156777495,0.0,0.0,0.04633582373086087,0.04633582373086087,13253.177806136657,5636.165867727526,24537.591,14521.049197158112,0.0,0.0,1685002.1535757286,735347.9973703225,127.13948143029646,130.46954518867116
St. Kitts and Nevis,KNA,21848.0,Caribbean,0.3216811363458125,0.2217340993898841,0.8700072008093995,0.7373006195066895,,,0.3297988234205878,0.3297988234205878,7028.089466883312,4844.446603470187,19007.91732328376,16108.543934982152,,,701236639.8020862,521900630.94408566,132.1158920719187,142.64987368371163
South Korea,KOR,29700000.0,Eastern Asia,0.26098177561904173,0.11526751042407887,0.4279754097367581,0.23144569495445738,,,0.08663241679990841,0.08663241679990841,7751158.735885539,3423445.0595951425,12710869.669181714,6873937.140147384,,,6230627403.284718,3733752543.866048,135.98822085764638,151.41011179646705
Kuwait,KWT,3000000.0,Western Asia,0.21424340641532813,0.07847489985534638,0.338885901391434,0.1474410270393206,,,0.011248434381214466,0.011248434381214466,642730.2192459843,235424.69956603914,1016657.7041743019,442323.0811179618,,,185033333.4213107,75305493.88996974,121.81373870061434,135.34731846635725
Laos,LAO,3580000.0,South-eastern Asia,0.2198496638847024,0.1430486002635103,0.5696,0.4806468428793204,0.007410791046889931,0.007410791046889931,0.4397498321750768,0.4397498321750768,787061.7967072346,512113.98894336686,2039168.0,1720715.697507967,26530.631947865953,26530.631947865953,104280722.69893202,71809554.08958474,132.49369126439964,140.2218170953458
Lebanon,LBN,1940000.0,Western Asia,0.23584440790790362,0.08511114812499675,0.3520833768831538,0.1545801840686107,0.017840541040505926,0.017840541040505926,0.016892439654016964,0.016892439654016964,457538.151341333,165115.6273624937,683041.7511533183,299885.55709310476,34610.6496185815,34610.6496185815,57134884.7074682,22782828.89140683,124.87458049120013,137.9810576099473
Liberia,LBR,2610000.0,Western Africa,0.39952675626439843,0.14469158482139072,0.818026270770432,0.49405284799901694,0.0015978293638830268,0.0015978293638830268,0.20745885608713466,0.20745885608713466,1042764.8338500799,377645.0363838298,2135048.5667108274,1289477.9332774342,4170.3346397347,4170.3346397347,126148287.09697749,49852507.89557884,120.97481905983994,132.00890543391094
Libya,LBY,2580000.0,Northern Africa,0.2900744858174023,0.1407372858651393,0.48430968351579623,0.27450382736055845,,,0.07348177468772339,0.07348177468772339,748392.173408898,363102.19753205945,1249518.9834707542,708219.8745902408,,,523844218.8525505,276770823.87922925,127.90293833049407,136.98215847320228
St. Lucia,LCA,102000.0,Caribbean,0.3216811363458125,0.2217340993898841,0.8700072008093995,0.7373006195066895,,,0.3297988234205878,0.3297988234205878,32811.47590727288,22616.878137768177,88740.73448255875,75204.66318968232,,,701236639.8020862,521900630.94408566,132.1158920719187,142.64987368371163
Liechtenstein,LIE,20786.0,Western Europe,0.20033337328703696,0.06718901184244014,0.28719999999999996,0.11261298200911858,,,0.01185372304139258,0.01185372304139258,4164.12949714435,1396.5908001569608,5969.739199999999,2340.773444041539,,,19805793.01332273,7475900.568975627,128.0623985714628,144.12786795970848
Sri Lanka,LKA,8500000.0,Southern Asia,0.2519191676510423,0.13471662655352548,0.4724305277945054,0.30815910062370705,0.002067737719080761,0.002067737719080761,0.10239760026637186,0.10239760026637186,2141312.9250338594,1145091.3257049667,4015659.486253296,2619352.35530151,17575.77061218647,17575.77061218647,279307565.73405254,160001587.98211896,130.43752852219671,139.72823336480627
Lesotho,LSO,884000.0,Southern Africa,0.16978347981521874,0.06632930083034622,0.5701,0.411564805720985,0.0016720630285104673,0.0016720630285104673,0.2575303653666315,0.2575303653666315,150088.59615665337,58635.101934026054,503968.4,363823.28825735074,1478.1037172032532,1478.1037172032532,18371816.597246252,8111285.3863574,122.40647902436815,138.33497544668558
Lithuania,LTU,1550000.0,Northern Europe,0.20442780518991868,0.08572603699935609,0.3142890256024868,0.15316525472603718,0.0014882576986797384,0.0014882576986797384,0.022651912073647713,0.022651912073647713,316863.09804437397,132875.35734900195,487147.9896838545,237406.14482535762,2306.7994329535945,2306.7994329535945,43959425.54839267,20142395.27351985,138.73318104791278,151.5886442405955
Luxembourg,LUX,350000.0,Western Europe,0.1359545364752777,0.05635436446227651,0.19574881911597472,0.09062231560629781,0.0,0.0,0.013244378510054307,0.013244378510054307,47584.08776634719,19724.027561796778,68512.08669059115,31717.810462204234,0.0,0.0,6778261.968024356,3085518.842725511,142.44808057070992,156.43452297246907
Latvia,LVA,955000.0,Northern Europe,0.2029932140171829,0.08906872301751778,0.32230271441142355,0.16666605247633615,0.0035794477138976913,0.0035794477138976913,0.020464667270258037,0.020464667270258037,193858.51938640967,85060.63048172949,307799.0922629095,159166.080114901,3418.372566772295,3418.372566772295,27083384.975102723,12769715.210849218,139.7069628965782,150.12485962694663
Macau,MAC,382000.0,Eastern Asia,0.21698439266837746,0.0997003200448985,0.3647918179954473,0.2093842733548478,,,0.07428300053792825,0.07428300053792825,82888.0379993202,38085.52225715123,139350.47447426087,79984.79242155186,,,5140064119.01144,3276259835.7989116,131.70008927300862,142.53324538663514
Saint-Martin,MAF,,Caribbean,0.3216811363458125,0.2217340993898841,0.8700072008093995,0.7373006195066895,,,0.3297988234205878,0.3297988234205878,,,,,,,701236639.8020862,521900630.94408566,132.1158920719187,142.64987368371163
Morocco,MAR,12500000.0,Northern Africa,0.2900744858174023,0.1407372858651393,0.48430968351579623,0.27450382736055845,,,0.07348177468772339,0.07348177468772339,3625931.072717529,1759216.0733142414,6053871.043947453,3431297.8420069804,,,523844218.8525505,276770823.87922925,127.90293833049407,136.98215847320228
Monaco,MCO,78364.0,Western Europe,0.20033337328703696,0.06718901184244014,0.28719999999999996,0.11261298200911858,,,0.01185372304139258,0.01185372304139258,15698.924464265365,5265.199724020979,22506.140799999997,8824.80372216257,,,19805793.01332273,7475900.568975627,128.0623985714628,144.12786795970848
Moldova,MDA,1360000.0,Eastern Europe,0.23506018503883105,0.12275858264275602,0.4918888966032508,0.34406380760009414,,,0.20954797625219126,0.20954797625219126,319681.85165281023,166951.6723941482,668968.8993804211,467926.77833612805,,,264958191.20083722,139339996.50765994,134.40894283763714,146.54258110708432
Madagascar,MDG,16500000.0,Eastern Africa,0.3216811363458125,0.2217340993898841,0.8700072008093995,0.7373006195066895,0.0007194904678203184,0.0007194904678203184,0.3297988234205878,0.3297988234205878,5307738.749705907,3658612.6399330874,14355118.813355092,12165460.221860375,11871.592719035254,11871.592719035254,701236639.8020862,521900630.94408566,132.1158920719187,142.64987368371163
Maldives,MDV,270000.0,Southern Asia,0.17385147225176753,0.07195444498672228,0.388231802169931,0.25928933761713996,0.005116049894971604,0.005116049894971604,0.14710762229536933,0.14710762229536933,46939.897507977235,19427.700146415016,104822.58658588136,70008.12115662779,1381.333471642333,1381.333471642333,5944156.858616062,2637341.994998819,126.63335827705798,135.75163169715108
Mexico,MEX,61000000.0,Central America,0.3744572881443011,0.12754241216819276,0.601332853443646,0.26237465747610333,0.00047951288633836536,0.00047951288633836536,0.0586954483070046,0.0586954483070046,22841894.57680237,7780087.142259758,36681304.0600624,16004854.106042303,29250.28606664029,29250.28606664029,2889873099.58005,1097791009.4044294,126.51634871456457,141.10266239069034
Marshall Islands,MHL,13860.0,Micronesia,0.23076549850840503,0.10731223548237952,0.38278607738384335,0.21880174270340585,0.0,0.0,0.08816518991566123,0.08816518991566123,3198.409809326494,1487.3475837857802,5305.415032540069,3032.592153869205,0.0,0.0,406726.10910404735,196659.51676318093,127.16510183218011,132.22162654315068
North Macedonia,MKD,779000.0,Southern Europe,0.30081512436798263,0.13367921750914663,0.4574000000000001,0.23809262735772624,0.0038391587910478683,0.0038391587910478683,0.049925497670856044,0.049925497670856044,234334.98188265847,104136.11043962522,356314.6000000001,185474.15671166874,2990.7046982262896,2990.7046982262896,30760173.00486243,14903476.715036795,131.2658176672289,143.11535789189432
Mali,MLI,9130000.0,Western Africa,0.3188477437431396,0.18674497838246856,0.777200549801882,0.6193148529009779,0.0007125403938117872,0.0007125403938117872,0.5729117568127673,0.5729117568127673,2911079.9003748647,1704981.652631938,7095841.019691183,5654344.606985928,6505.493795501618,6505.493795501618,377785869.10328573,239931972.64851782,129.7751631807281,140.72407892374721
Malta,MLT,318000.0,Southern Europe,0.2297731865336657,0.08856839286755085,0.3281784987148493,0.14664203144006008,,,0.018244435713255232,0.018244435713255232,73067.8733177057,28164.748931881168,104360.76259132207,46632.165997939104,,,12069958.61127012,4907593.85436189,133.93240140313222,147.02952954397082
Myanmar,MMR,22700000.0,South-eastern Asia,0.4152749240749923,0.21912446429707477,0.7500000000000001,0.49437425773533916,0.00012191393018393804,0.00012191393018393804,0.3184969428973013,0.3184969428973013,9426740.776502324,4974125.339543598,17025000.000000004,11222295.650592199,2767.4462151753933,2767.4462151753933,1211109579.8752015,696261596.1369672,128.4759609486757,139.976689087785
Montenegro,MNE,245000.0,Southern Europe,0.2635959912864069,0.10395693632005981,0.3768120142968363,0.17596877361798194,0.0019760775709533585,0.0019760775709533585,0.028717407459834383,0.028717407459834383,64581.0178651697,25469.449398414654,92318.9435027249,43112.34953640558,484.13900488357285,484.13900488357285,8203961.561349619,3569772.890556839,127.03363670231403,140.15901304796324
Mongolia,MNG,1450000.0,Eastern Asia,0.32573465875171026,0.17547437456479045,0.5593139710855413,0.35587555601690485,0.001560566077391934,0.001560566077391934,0.2100047755632727,0.2100047755632727,472315.25518997986,254437.84311894616,811005.2580740348,516019.55622451205,2262.820812218304,2262.820812218304,63285988.59632377,36799147.537649564,133.99098991809652,144.62922294324935
Northern Mariana Islands,MNP,23002.0,Micronesia,0.20882134243322303,0.09130410875251986,0.405706097514486,0.24747081457432904,,,0.12030729275467356,0.12030729275467356,4803.308518648996,2100.1771095254617,9332.051655028206,5692.323676838717,,,883566.3500768234,429306.22777726734,123.90142013374168,131.21121291197844
Mozambique,MOZ,15200000.0,Eastern Africa,0.14500815732624112,0.046406427538130325,0.8694974419891679,0.7442434858580458,0.0005035785088555537,0.0005035785088555537,0.6686394302631241,0.6686394302631241,2204123.991358865,705377.698579581,13216361.118235352,11312500.985042296,7654.393334604416,7654.393334604416,264562509.57052895,92290988.67747739,120.0306836674027,130.83910770545162
Mauritania,MRT,1210000.0,Western Africa,0.3417948919679772,0.12044914541278502,0.6332906119481685,0.3472104966073602,,,0.23726923149485568,0.23726923149485568,413571.8192812524,145743.4659494699,766281.6404572838,420124.70089490584,,,456366461.0397254,181483308.4684459,127.16244011056183,143.49727892887026
Mauritius,MUS,595000.0,Eastern Africa,0.2534713554508751,0.10052444364902793,0.38716208064515717,0.1779774819310093,0.0,0.0,0.029784529477888157,0.029784529477888157,150815.4564932707,59812.04397117162,230361.43798386853,105896.60174895053,0.0,0.0,18454300.383473888,7916424.494588448,122.36345539488725,132.3550236538318
Malawi,MWI,8600000.0,Eastern Africa,0.23359944669095717,0.084586450942395,0.5876537647475022,0.36646190734853273,0.0,0.0,0.20765473837018564,0.20765473837018564,2008955.2415422318,727443.4781045971,5053822.376828519,3151572.4031973816,0.0,0.0,243207189.1176781,98496938.03124517,121.06152695117945,135.40149990468754
Malaysia,MYS,18300000.0,South-eastern Asia,0.33289897813830693,0.15791937903978262,0.582730634123222,0.35754312776335634,,,0.17463012441154294,0.17463012441154294,6092051.299931017,2889924.636428022,10663970.604454963,6543039.238069421,,,3511314015.568193,1761224347.8833654,128.5616164849409,140.6674862843175
Namibia,NAM,1130000.0,Southern Africa,0.26983233277941415,0.1339707763216449,0.4603565214922825,0.27801489379538913,0.008284904636978493,0.008284904636978493,0.022400015497182835,0.022400015497182835,304910.536040738,151386.97724345874,520202.86928627925,314156.8299887897,9361.942239785698,9361.942239785698,37605433.06454273,21800903.477681078,123.33267834181501,144.00778636739093
New Caledonia,NCL,131000.0,Melanesia,0.2129971023822811,0.09924639459208591,0.4947121950289721,0.34624647076448295,,,0.21463553412102385,0.21463553412102385,27902.620412078824,13001.277691563255,64807.29754879535,45358.28767014726,,,1572783.4476029666,774600.7922885236,129.0919632774326,136.44799842669417
Niger,NER,10500000.0,Western Africa,0.3417948919679772,0.12044914541278502,0.6332906119481685,0.3472104966073602,0.0017281958521605976,0.0017281958521605976,0.23726923149485568,0.23726923149485568,3588846.3656637603,1264716.0268342427,6649551.4254557695,3645710.214377282,18146.056447686275,18146.056447686275,456366461.0397254,181483308.4684459,127.16244011056183,143.49727892887026
Nigeria,NGA,113000000.0,Western Africa,0.32858087121211643,0.1673391045902856,0.6319689481075823,0.414572337075506,0.0,0.0,0.302145373991601,0.302145373991601,37129638.44696916,18909318.818702273,71412491.1361568,46846674.08953218,0.0,0.0,4871941613.782192,2659863700.6548023,131.2143564430502,140.66417337170614
Nicaragua,NIC,3220000.0,Central America,0.35841473732927764,0.13117931087822074,0.5839064559623511,0.2918974380906946,,,0.07682959317572374,0.07682959317572374,1154095.454200274,422397.38102787075,1880178.7881987707,939909.7506520367,,,228581912.8346254,92146212.79225604,125.34468427520689,138.74022272470393
Netherlands,NLD,10300000.0,Western Europe,0.21150328969436308,0.08462963598003143,0.28632685953202086,0.12483853787024779,0.001080650770375192,0.001080650770375192,0.012505533956482663,0.012505533956482663,2178483.88385194,871685.2505943237,2949166.653179815,1285836.9400635522,11130.70293486448,11130.70293486448,322587155.45804846,142352375.65836918,148.07874313380646,163.30708310288824
Norway,NOR,3040000.0,Northern Europe,0.2506501940978846,0.10491304034271719,0.3408624770317299,0.1547435381889359,0.001169529907989965,0.001169529907989965,0.012983468800671291,0.012983468800671291,761976.5900575691,318935.64264186024,1036221.9301764589,470420.3560943652,3555.3709202894934,3555.3709202894934,118135896.80683123,52521947.31540377,155.03874836614835,164.67882636241382
Nepal,NPL,8440000.0,Southern Asia,0.3009241174891064,0.11638498633882617,0.5136999999999998,0.2799692930806947,0.0010104553497235604,0.0010104553497235604,0.13849566954916728,0.13849566954916728,2539799.551608058,982289.2846996929,4335627.999999998,2362940.833601063,8528.24315166685,8528.24315166685,325478726.97527057,139563246.2391363,128.15134437250993,142.0795771805694
Nauru,NRU,8000.0,Polynesia,0.2788139561211401,0.178929955003196,0.38789986727025405,0.2516700246272852,0.0,0.0,0.0,0.0,2230.511648969121,1431.439640025568,3103.1989381620324,2013.3601970182817,0.0,0.0,257572.92726638945,164619.58175315012,115.47705988687947,115.00281056224608
New Zealand,NZL,3120000.0,Australia and New Zealand,0.17537353477915513,0.07345076825779659,0.2496524683733548,0.11650002478084233,,,0.013304830192332784,0.013304830192332784,547165.428510964,229166.39696432537,778915.701324867,363480.07731622807,,,396363192.22609144,178926872.2595723,151.68512488922528,163.49066458505214
Oman,OMN,2700000.0,Western Asia,0.21424340641532813,0.07847489985534638,0.338885901391434,0.1474410270393206,,,0.011248434381214466,0.011248434381214466,578457.197321386,211882.22960943522,914991.9337568717,398090.77300616563,,,185033333.4213107,75305493.88996974,121.81373870061434,135.34731846635725
Pakistan,PAK,83600000.0,Southern Asia,0.35375531171343827,0.20114951976505097,0.6344691455359251,0.43468441258291635,0.0,0.0,0.2654228977400558,0.2654228977400558,29573944.05924344,16816099.85235826,53041620.56680334,36339616.89193181,0.0,0.0,3916652742.237085,2384513711.558332,132.43592854544949,141.79945008021178
Panama,PAN,2210000.0,Central America,0.23613350333847916,0.12640402265362163,0.459775722203488,0.2923028408478397,0.0,0.0,0.07681403179687563,0.07681403179687563,521855.0423780389,279352.8900645038,1016104.3460697085,645989.2782737258,0.0,0.0,64766348.52970477,35319099.94316244,124.10792896542934,126.4318401538896
Peru,PER,18900000.0,South America,0.313541278382039,0.1347535510940388,0.5790884742255268,0.3175078288116758,0.0026624348128842794,0.0026624348128842794,0.10016993208457765,0.10016993208457765,5925930.161420537,2546842.1156773334,10944772.162862455,6000897.9645406725,50320.01796351288,50320.01796351288,769689035.4343443,367283125.95694023,129.88493189562632,144.21118753145055
Philippines,PHL,51000000.0,South-eastern Asia,0.2961118582679188,0.12694163318470458,0.5047,0.2872368243324253,0.0007869016915510265,0.0007869016915510265,0.07389556184199358,0.07389556184199358,15101704.77166386,6474023.292419934,25739700.000000004,14649078.04095369,40131.98626910235,40131.98626910235,1920122930.6441424,909605287.791132,127.14610434227083,140.5007746660623
Palau,PLW,8000.0,Micronesia,0.204645582484165,0.0833618229129538,0.3167,0.14869515838417516,0.0,0.0,0.025979051388323265,0.025979051388323265,1637.16465987332,666.8945833036304,2533.6,1189.5612670734013,0.0,0.0,194349.25255068,84011.66326601095,118.71087699005076,125.9744273972627
Papua New Guinea,PNG,3660000.0,Melanesia,0.3269206978015944,0.1549162481792201,0.696883799466598,0.44782324945914337,0.0006470206135348975,0.0006470206135348975,0.32827732511161284,0.32827732511161284,1196529.7539538355,566993.4683359455,2550594.7060477487,1639033.0930204648,2368.0954455377246,2368.0954455377246,152413795.34348133,78711878.91223998,127.37986233927097,138.82325513069745
Poland,POL,18200000.0,Eastern Europe,0.21533842358115945,0.10199956396272207,0.33056580014276177,0.18110434051758809,0.003677593552777864,0.003677593552777864,0.05393266231059388,0.05393266231059388,3919159.309177102,1856392.0641215416,6016297.562598264,3296098.9974201033,66932.20266055713,66932.20266055713,545031454.2143286,274562460.0742772,139.06846117178324,147.90111710814827
Puerto Rico,PRI,1150000.0,Caribbean,0.23062094224718557,0.09750022609174026,0.3809697470617826,0.19467617455083677,,,0.04061969619478813,0.04061969619478813,265214.0835842634,112125.2600055013,438115.20912105,223877.60073346228,,,30550663.20713686,15540571.841190232,123.4343602903549,137.17818394823368
North Korea,PRK,17600000.0,Eastern Asia,0.31368542174439834,0.16772489028828627,0.6334332609073496,0.44728073239423943,,,0.2929029766219284,0.2929029766219284,5520863.422701411,2951958.069073838,11148425.391969353,7872140.890138614,,,1191300161.5289364,635617461.4915537,130.0862095128834,140.54702480697992
Portugal,PRT,5460000.0,Southern Europe,0.22774789405831197,0.0900489982539553,0.3215731256310762,0.14115552760516364,0.001726606581577436,0.001726606581577436,0.013908140362663348,0.013908140362663348,1243503.5015583835,491667.53046659596,1755789.265945676,770709.1807241935,9427.2719354128,9427.2719354128,175327555.51427105,75026110.51014763,140.9948225272764,152.59521091203098
Paraguay,PRY,3500000.0,South America,0.31468052817626235,0.1341694624663677,0.5234294914085088,0.27924885632544855,,,0.10916327154891835,0.10916327154891835,1101381.8486169183,469593.11863228696,1832003.2199297808,977370.99713907,,,383543476.95905393,184870225.31383932,131.07589901100414,145.2598679011255
Palestine,PSE,719891.0,Western Asia,0.2525773539880584,0.08876113458480336,0.39349999999999996,0.1780447962691058,0.018423900284904243,0.018423900284904243,0.032366871873833455,0.032366871873833455,181828.16393981737,63898.34193738868,283277.1085,128172.84643096285,13263.2,13263.2,23809696.465263374,9315547.373946004,130.9461413972373,145.78699683747539
French Polynesia,PYF,119000.0,Polynesia,0.2129971023822811,0.09924639459208591,0.4947121950289721,0.34624647076448295,,,0.21463553412102385,0.21463553412102385,25346.65518349145,11810.320956458223,58870.751208447684,41203.33002097347,,,1572783.4476029666,774600.7922885236,129.0919632774326,136.44799842669417
Qatar,QAT,2120000.0,Western Asia,0.21424340641532813,0.07847489985534638,0.338885901391434,0.1474410270393206,,,0.011248434381214466,0.011248434381214466,454196.0216004956,166366.7876933343,718438.11094984,312574.9773233597,,,185033333.4213107,75305493.88996974,121.81373870061434,135.34731846635725
Romania,ROU,8260000.0,Eastern Europe,0.2803122941786299,0.13733985252868244,0.45025015668496643,0.2594437465273699,0.002318300829532614,0.002318300829532614,0.06930065215580943,0.06930065215580943,2315379.549915483,1134427.181886917,3719066.2942178226,2143005.3463160754,19149.164851939393,19149.164851939393,315506042.8267717,164874681.54138175,136.26536644425678,145.3373862808384
Russia,RUS,72500000.0,Eastern Europe,0.25657131285296564,0.12471997823473226,0.39770000000000005,0.21756448438712533,0.0,0.0,0.017558501525326665,0.017558501525326665,18601420.18184001,9042198.422018088,28833250.000000004,15773425.118066587,0.0,0.0,2538780445.380505,1317091564.848709,136.4831513165343,145.66054662564608
Rwanda,RWA,5670000.0,Eastern Africa,0.23638948008564384,0.11478686086762657,0.7053410178358065,0.5498958442922894,0.0,0.0,0.27159705342731777,0.27159705342731777,1340328.3520856006,650841.5011194426,3999283.5711290226,3117909.437137281,0.0,0.0,168662543.55840218,90281884.21021588,125.8367349283905,138.7156228589168
Saudi Arabia,SAU,17200000.0,Western Asia,0.21424340641532813,0.07847489985534638,0.338885901391434,0.1474410270393206,,,0.011248434381214466,0.011248434381214466,3684986.590343644,1349768.2775119578,5828837.503932664,2535985.6650763145,,,185033333.4213107,75305493.88996974,121.81373870061434,135.34731846635725
Sudan,SDN,13060000.0,Northern Africa,0.296376580741558,0.11966587715487767,0.6870188325632437,0.4394144895982329,0.01181727393784675,0.01181727393784675,0.25836303339500216,0.25836303339500216,3870678.144484747,1562836.3556427024,8972465.953275962,5738753.234152922,154333.59762827854,154333.59762827854,488141724.1741115,217753557.35412806,126.11271357440427,139.332282978904
Senegal,SEN,5760000.0,Western Africa,0.23452424811488534,0.10737676249467246,0.6209829588028895,0.44452960040294465,0.0011039549804514068,0.0011039549804514068,0.1652196060555436,0.1652196060555436,1350859.6691417396,618490.1519693134,3576861.842704643,2560490.4983209614,6358.7806874001035,6358.7806874001035,167919363.65639332,87215484.23084188,124.3055570406361,141.01353748825593
Singapore,SGP,3720000.0,South-eastern Asia,0.1469041401913935,0.05591291028250281,0.2158959854420033,0.09594018598948562,0.0,0.0,0.000820639652926956,0.000820639652926956,546483.4015119838,207996.02625091045,803133.0658442524,356897.4918808865,0.0,0.0,70803561.67382616,28802145.62897641,129.56214493968213,138.4744994802531
Solomon Islands,SLB,436000.0,Melanesia,0.2631139277519839,0.12786150594700607,0.5996563135677713,0.4104539458973812,,,0.29611773049492845,0.29611773049492845,114717.67249986497,55747.61659289465,261450.15271554826,178957.9204112582,,,56414574.91098633,29447393.539258216,127.17328550563683,140.47781302928388
Sierra Leone,SLE,2860000.0,Western Africa,0.3124214541114431,0.14253570656336986,0.841864079269187,0.5966415865973294,0.0016898423059059698,0.0016898423059059698,0.5041124748414577,0.5041124748414577,893525.3587587273,407652.1207712378,2407731.266709875,1706394.937668362,4832.948994891074,4832.948994891074,113504133.25503848,56856128.296057284,127.02956009297465,139.4721759045214
El Salvador,SLV,2890000.0,Central America,0.3287752165006082,0.11450634695547089,0.5023,0.23327396473784714,0.002498803837675933,0.002498803837675933,0.05555037789182901,0.05555037789182901,950160.3756867577,330923.3427013109,1451647.0,674161.7580923783,7221.543090883446,7221.543090883446,117622184.46797246,45572142.78224726,123.79192763427689,137.71208283539056
San Marino,SMR,15554.0,Southern Europe,0.20033337328703696,0.06718901184244014,0.28719999999999996,0.11261298200911858,,,0.01185372304139258,0.01185372304139258,3115.985288106573,1045.057890197314,4467.108799999999,1751.5823221698304,,,19805793.01332273,7475900.568975627,128.0623985714628,144.12786795970848
Somalia,SOM,3440000.0,Eastern Africa,0.22244217126498603,0.09596121042712057,0.4288968792794462,0.21780780983426298,0.009212866590812803,0.009212866590812803,0.052640047365236343,0.052640047365236343,765201.0691515519,330106.56386929477,1475405.2647212949,749258.8658298646,31692.261072396042,31692.261072396042,98640579.5696115,47685344.27160251,128.90805246650177,144.45439591586992
Serbia,SRB,3230000.0,Southern Europe,0.26314696266610804,0.1384399776362979,0.4577,0.2969515533535294,0.00264969208017492,0.00264969208017492,0.14543351996219347,0.14543351996219347,849964.689411529,447161.1277652422,1478371.0,959153.5173319,8558.50541896499,8558.50541896499,115174008.1648323,64985948.26886457,135.50446224368773,145.33004823930477
South Sudan,SSD,5303000.0,Eastern Africa,0.29444093319591025,0.11215595570791231,0.5741140711611069,0.3194435998481399,,,0.1792418037683403,0.1792418037683403,1561420.268737912,594763.033119059,3044526.9193673497,1694009.409994686,,,342420377.73875177,142929028.55044514,127.56935647318221,143.12215193287577
Sao Tome and Principe,STP,34500.0,Middle Africa,0.32729749199296876,0.15042540105341387,0.6261011678020008,0.3704431412854772,0.0019217281526160753,0.0019217281526160753,0.20234482395847947,0.20234482395847947,11291.763473757423,5189.676336342779,21600.490289169025,12780.288374348962,66.2996212652546,66.2996212652546,1433117.2902422918,700068.968097093,126.91704830453828,134.89646034273483
Suriname,SUR,255000.0,South America,0.29036280931827774,0.1248049197774319,0.46732442828887594,0.2409623353572459,0.0034542205070618565,0.0034542205070618565,0.04530683917824641,0.04530683917824641,74042.51637616083,31825.254543245133,119167.72921366336,61445.395516097706,880.8262293007734,880.8262293007734,9102880.494009752,4211934.554234645,122.94126320294227,132.3456674482003
Slovakia,SVK,2780000.0,Eastern Europe,0.24131575228498656,0.1076989220972183,0.3459845848721682,0.16908701894104844,0.0021884488228751543,0.0021884488228751543,0.005344410000969325,0.005344410000969325,670857.7913522626,299403.00343026686,961837.1459446276,470061.91265611467,6083.887727592929,6083.887727592929,92172338.22647585,44022210.521803685,137.39474954994867,147.03329631780656
Slovenia,SVN,1060000.0,Southern Europe,0.22446790033800965,0.10163791090442122,0.3284275308896298,0.16511286966337496,0.0032667189485924447,0.0032667189485924447,0.02405053719177952,0.02405053719177952,237935.97435829023,107736.18555868648,348133.18274300755,175019.64184317747,3462.7220855079913,3462.7220855079913,33072222.479695108,16080780.60258227,138.99631011615793,149.26071977759676
Sweden,SWE,5700000.0,Northern Europe,0.20867565747728306,0.09372805602227033,0.29244708030980127,0.1407249422327125,0.0014516752252896985,0.0014516752252896985,0.011929532463648246,0.011929532463648246,1189451.2476205134,534249.9193269409,1666948.3577658671,802132.1707264613,8274.548784151282,8274.548784151282,185084656.2253182,85881113.7841486,155.60507973368257,160.7508221851365
Eswatini,SWZ,391000.0,Southern Africa,0.31746935421778866,0.12573197800043076,0.5036261241616129,0.2531191322920271,0.0016207614369324996,0.0016207614369324996,0.06476074241462315,0.06476074241462315,124130.51749915536,49161.20339816843,196917.81454719065,98969.5807261826,633.7177218406074,633.7177218406074,15121384.901917106,6628562.52269366,121.81843116878972,134.8332031054516
Sint Maarten,SXM,23200.0,Caribbean,0.26107071112087415,0.14545285678488104,0.5451931185256954,0.3916347016378337,,,0.16870973441730341,0.16870973441730341,6056.840498004281,3374.5062774092403,12648.480349796133,9085.925077997743,,,234016697.3400981,174097983.32587066,128.8153652454263,135.69770892333767
Seychelles,SYC,100000.0,Eastern Africa,0.28862430565819597,0.1258442178672322,0.44292932243458766,0.22057634204394147,0.0015063685476556649,0.0015063685476556649,0.023867296157226978,0.023867296157226978,28862.430565819595,12584.421786723222,44292.93224345877,22057.634204394148,150.63685476556648,150.63685476556648,3927315.7704417338,1795296.6107396183,136.07016780813558,142.6602382823569
Syria,SYR,6620000.0,Western Asia,0.2917601863215944,0.11709950594471367,0.44798438623291487,0.2086859271891751,,,0.03406775078729072,0.03406775078729072,1931452.433448955,775198.7293540045,2965656.6368618966,1381500.8379923392,,,206809165.80736998,94017030.04342687,118.69963066396433,126.30629600534765
Turks and Caicos Islands,TCA,,Caribbean,0.23076549850840503,0.10731223548237952,0.38278607738384335,0.21880174270340585,,,0.08816518991566123,0.08816518991566123,,,,,,,406726.10910404735,196659.51676318093,127.16510183218011,132.22162654315068
Chad,TCD,6600000.0,Middle Africa,0.3260102390439549,0.11768474884449413,0.6135650983524813,0.33795486435428673,,,0.21792675558601723,0.21792675558601723,2151667.577690102,776719.3423736612,4049529.6491263765,2230502.1047382923,,,418384433.27273417,168631881.82911232,127.29807889810195,143.37223659687209
Togo,TGO,3340000.0,Western Africa,0.3313893915849213,0.11897587301271997,0.6347,0.3857977098377201,0.0012816118894204004,0.0012816118894204004,0.3170079751342554,0.3170079751342554,1106840.567893637,397379.4158624847,2119898.0,1288564.3508579852,4280.5837106641375,4280.5837106641375,136984092.51344934,55231552.004396975,123.7613586698721,138.98946397241207
Thailand,THA,40600000.0,South-eastern Asia,0.3335445931378274,0.17575586816387817,0.5647870422432014,0.3576445927565872,0.0006640848680504757,0.0006640848680504757,0.21950247403960818,0.21950247403960818,13541910.481395792,7135688.247453454,22930353.915073976,14520370.465917442,26961.845642849312,26961.845642849312,1752497146.3574102,1003575359.5312674,129.41284383507286,140.64170472826052
Tajikistan,TJK,2780000.0,Central Asia,0.25538303564130194,0.10846229758449706,0.5083903844148249,0.289746851277342,0.0012961328214093966,0.0012961328214093966,0.024170503669802883,0.024170503669802883,709964.8390828194,301525.18728490185,1413325.2686732132,805496.2465510108,3603.2492435181225,3603.2492435181225,90611221.16091731,41751956.35209209,127.62775869009938,138.46921621390769
Turkmenistan,TKM,2440000.0,Central Asia,0.22356845091334615,0.11466754248719702,0.5597999999999999,0.4162491378224959,,,0.2985218758642044,0.2985218758642044,545507.0202285646,279788.8036687607,1365911.9999999995,1015647.89628689,,,54588110.226899624,30035783.23737312,133.4247668136394,143.13550241480092
Timor-Leste,TLS,616000.0,South-eastern Asia,0.33376260519024875,0.15935565963792359,0.6608999999999999,0.437626819672829,0.0011196006854996363,0.0011196006854996363,0.3326964101015643,0.3326964101015643,205597.76479719323,98163.08633696093,407114.39999999997,269578.1209184627,689.674022267776,689.674022267776,25794821.017027818,13274637.884734794,125.46255569690884,135.23044537503046
Tonga,TON,34800.0,Polynesia,0.18363242628550427,0.07670131832586967,0.38199999999999995,0.24470560115270346,0.0029722708874524257,0.0029722708874524257,0.15350622547492884,0.15350622547492884,6390.408434735548,2669.2058777402644,13293.599999999999,8515.754920114081,103.43502688334442,103.43502688334442,828456.3103591471,359807.3481907549,129.64058851950844,134.79939902401455
Trinidad and Tobago,TTO,650000.0,Caribbean,0.21309699516626462,0.074685614417568,0.3244474613644101,0.13889767081119062,0.002608188168715183,0.002608188168715183,0.02482479441153064,0.02482479441153064,138513.04685807202,48545.649371419204,210890.84988686658,90283.4860272739,1695.322309664869,1695.322309664869,17124965.47633479,7232224.959322497,123.63431362449171,148.97781887701768
Tunisia,TUN,4250000.0,Northern Africa,0.2921314376448042,0.14122841245227752,0.48390000000000005,0.27250935837863804,0.0,0.0,0.04507961152573701,0.04507961152573701,1241558.609990418,600220.7529221794,2056575.0000000002,1158164.7731092116,0.0,0.0,157220264.52097148,80706216.94030945,126.63136742467991,134.46089050968433
Türkiye,TUR,36100000.0,Western Asia,0.29396565250119994,0.1408960906482182,0.47159999999999985,0.2684804377054173,0.0,0.0,0.09841587870062099,0.09841587870062099,10612160.055293318,5086348.872400677,17024759.999999996,9692143.801165564,0.0,0.0,1412273042.6127093,720752128.0719323,133.0806391209932,141.703242572063
Tuvalu,TUV,9646.0,Polynesia,0.31852094892931626,0.15219357055791102,0.50796340223653,0.26405439205237874,0.0,0.0,0.02643171806167401,0.02643171806167401,3072.4530733721845,1468.0591816016097,4899.814977973569,2547.0686657372453,0.0,0.0,396154.8130013197,193842.30611135653,128.93762851405188,132.03984453806572
Tanzania,TZA,33000000.0,Eastern Africa,0.3632677285507981,0.27859114645621497,0.729351311398926,0.6115718106026296,0.00011079142434936056,0.00011079142434936056,0.452797504086771,0.452797504086771,11987835.042176336,9193507.833055094,24068593.276164558,20181869.749886774,3656.1170035288983,3656.1170035288983,1650665765.2565968,1334380342.8337605,137.69506832961275,145.14376525965636
Uganda,UGA,22800000.0,Eastern Africa,0.21247342800305682,0.10211307408839689,0.7326,0.5974685858934132,0.0010578100975888304,0.0010578100975888304,0.4966636966859391,0.4966636966859391,4844394.158469696,2328178.089215449,16703280.0,13622283.758369822,24118.070225025334,24118.070225025334,622555053.0934947,329148420.2953157,128.51040454770813,141.37596338527192
Ukraine,UKR,25040604.0,Eastern Europe,0.201336598583353,0.09215203925913594,0.34746220377418185,0.2035330050065459,0.0,0.0,0.011000435916072566,0.011000435916072566,5041590.035832704,2307542.7228804766,8700663.449676594,5096589.379298933,0.0,0.0,689177690.1126626,356582695.483262,136.69847909377526,154.52918463764965
Uruguay,URY,1770000.0,South America,0.28082841191930685,0.10718839712715575,0.4287999999999999,0.20266708948660442,0.00249321445097484,0.00249321445097484,0.03398800466236452,0.03398800466236452,497066.28909717314,189723.46291506567,758975.9999999999,358720.74839128985,4412.989578225467,4412.989578225467,65542100.292409785,27848117.690712757,131.85786630482346,146.78267654844382
United States,USA,174000000.0,Northern America,0.2108046006196083,0.09128828712908334,0.2957999999999999,0.1382431325611111,0.0,0.0,0.003199453654144991,0.003199453654144991,36680000.507811844,15884161.9604605,51469199.999999985,24054305.06563333,0.0,0.0,5471762194.541141,2626288235.5817904,149.1756302832058,165.34005647381673
Uzbekistan,UZB,14000000.0,Central Asia,0.2514865695435476,0.1259211040907279,0.5523666666666666,0.3804970154472824,,,0.24717237428075242,0.24717237428075242,3520811.9736096663,1762895.4572701906,7733133.333333332,5326958.216261954,,,79157165.1139581,42331947.84340149,132.43536152424858,142.39100721777982
St. Vincent and the Grenadines,VCT,52100.0,Caribbean,0.3216811363458125,0.2217340993898841,0.8700072008093995,0.7373006195066895,,,0.3297988234205878,0.3297988234205878,16759.587203616833,11552.34657821296,45327.375162169716,38413.36227629852,,,701236639.8020862,521900630.94408566,132.1158920719187,142.64987368371163
Venezuela,VEN,11100000.0,South America,0.3015503018987165,0.1336428608487808,0.5471995090914493,0.31181518845199524,,,0.10282151236698765,0.10282151236698765,3347208.351075753,1483435.755421467,6073914.550915088,3461148.591817147,,,695824050.0394968,324722296.0333536,128.8154083497195,141.47822058232427
British Virgin Islands,VGB,22000.0,Caribbean,0.23076549850840503,0.10731223548237952,0.38278607738384335,0.21880174270340583,,,0.08816518991566123,0.08816518991566123,5076.84096718491,2360.8691806123493,8421.293702444553,4813.638339474928,,,406726.10910404735,196659.51676318093,127.16510183218013,132.22162654315068
United States Virgin Islands,VIR,47200.0,Caribbean,0.23076549850840503,0.10731223548237952,0.38278607738384335,0.21880174270340583,,,0.08816518991566123,0.08816518991566123,10892.131529596718,5065.137514768313,18067.502852517406,10327.442255600756,,,406726.10910404735,196659.51676318093,127.16510183218013,132.22162654315068
Vietnam,VNM,57100000.0,South-eastern Asia,0.30593167727350035,0.14100160630427375,0.580699782722049,0.36682109656805867,0.002233047163143058,0.002233047163143058,0.12046215479340706,0.12046215479340706,17468698.77231687,8051191.719974031,33157957.593429,20945484.61403615,127506.9930154686,127506.9930154686,2258510182.0126753,1138781234.2481089,129.2889763255749,141.4425682378089
Vanuatu,VUT,118000.0,Melanesia,0.17530069007998875,0.07920125610824749,0.5453851412367161,0.4176883502004824,0.00099538055433348,0.00099538055433348,0.3387981241051846,0.3387981241051846,20685.48142943867,9345.748220773205,64355.446665932504,49287.22532365692,117.45490541135065,117.45490541135065,2618132.9948246875,1298515.6334146464,126.56862755433264,138.9418592005698
Samoa,WSM,57200.0,Polynesia,0.2129971023822811,0.09924639459208591,0.4947121950289721,0.34624647076448295,0.0,0.0,0.21463553412102385,0.21463553412102385,12183.434256266479,5676.893770667314,28297.537555657207,19805.298127728423,0.0,0.0,1572783.4476029666,774600.7922885236,129.0919632774326,136.44799842669417
Kosovo,XKX,464567.0,Southern Europe,0.2858898918529655,0.09899172787573943,0.40499999999999997,0.16580438953112522,0.0,0.0,0.02524996151679767,0.02524996151679767,132815.00938845662,45988.29004404864,188149.63499999998,77027.24783130625,0.0,0.0,16748088.66330414,6260003.1513771275,126.10087324030842,136.12167674382223
Yemen,YEM,7850000.0,Western Asia,0.2553019088101291,0.10649661786167929,0.5436177474055784,0.3162996675071385,,,0.14407248560068783,0.14407248560068783,2004119.9841595134,835998.4502141824,4267399.317133791,2482952.389931037,,,271752199.3938337,123271216.75272499,127.66567962556955,142.1779012772184
South Africa,ZAF,27800000.0,Southern Africa,0.2101128622119773,0.07296837418462442,0.358465777451617,0.16868044114287384,0.0005514594800299703,0.0005514594800299703,0.0027672006903927985,0.0027672006903927985,5841137.569492969,2028520.8023325587,9965348.613154953,4689316.2637718925,15330.573544833174,15330.573544833174,702490211.372574,302926461.0543867,120.2659932273351,149.33367245041663
Zambia,ZMB,7410000.0,Eastern Africa,0.1775572204506665,0.07047141763804086,0.6202000000000002,0.4890052394415103,0.001445003225852881,0.001445003225852881,0.39742691077226167,0.39742691077226167,1315699.0035394386,522193.2046978828,4595682.000000002,3623528.8242615913,10707.473903569848,10707.473903569848,160381380.61653915,70056122.30783889,121.89823066300715,134.1574759640355
Zimbabwe,ZWE,6390000.0,Eastern Africa,0.20938855892343364,0.0913339666967375,0.7031360249498269,0.5131035023830325,0.0005350989082087833,0.0005350989082087833,0.3805005681450496,0.3805005681450496,1337992.891520741,583624.0471921527,4493039.199429394,3278731.3802275774,3419.282023454125,3419.282023454125,162211201.75539863,76309636.92879976,121.23472612102746,130.75135833749417
